EmployeeID,MonthlyIncome,Department,CreatedBy,CreatedAt
1,35901,IT,ferhat.koc,7/3/2024
2,32996,Sales,elif.sahin,7/4/2024
3,32220,Sales,emre.tuna,7/3/2024
4,10853,HR,fatma.bolat,7/2/2024
5,19722,IT,serkan.ates,7/5/2024
6,21141,IT,dilan.erdem,7/7/2024
7,17636,IT,serkan.ates,7/7/2024
8,25496,Operations,fatma.bolat,7/6/2024
9,2811,Finance,yusuf.genc,7/7/2024
10,14690,IT,murat.demir,7/3/2024
11,29178,Operations,dilan.erdem,7/2/2024
12,21056,Finance,melis.kilic,7/3/2024
13,17623,Finance,emre.tuna,7/3/2024
14,9996,HR,okan.arar,7/6/2024
15,28790,IT,elif.sahin,7/7/2024
16,26420,Operations,emre.tuna,7/2/2024
17,33710,IT,buse.ozkan,7/2/2024
18,1012,HR,ozge.kaya,7/3/2024
19,36996,HR,murat.demir,7/1/2024
20,30779,IT,zeynep.yilmaz,7/5/2024
21,23073,Finance,fatma.bolat,7/6/2024
22,19483,Operations,emre.tuna,7/4/2024
23,9593,IT,serkan.ates,7/2/2024
24,21536,HR,serkan.ates,7/2/2024
25,19703,IT,fatma.bolat,7/1/2024
26,4953,Operations,ferhat.koc,7/6/2024
27,4447,Sales,elif.sahin,7/4/2024
28,31403,HR,ferhat.koc,7/2/2024
29,19344,HR,cem.kurt,7/6/2024
30,28920,IT,yusuf.genc,7/3/2024
31,704,Operations,buse.ozkan,7/5/2024
32,9647,Sales,ayse.kaya,7/4/2024
33,34939,Sales,ozge.kaya,7/3/2024
34,15026,Sales,melis.kilic,7/4/2024
35,2737,Sales,zeynep.yilmaz,7/2/2024
36,39518,Operations,cem.kurt,7/4/2024
37,25690,Finance,yusuf.genc,7/5/2024
38,36843,Operations,okan.arar,7/1/2024
39,4282,IT,serkan.ates,7/4/2024
40,31523,HR,ferhat.koc,7/3/2024
41,20965,Operations,elif.sahin,7/1/2024
42,10483,Operations,buse.ozkan,7/2/2024
43,24390,Finance,ozge.kaya,7/7/2024
44,22718,HR,serkan.ates,7/5/2024
45,19581,Operations,murat.demir,7/5/2024
46,13915,Finance,melis.kilic,7/7/2024
47,12696,Finance,ozge.kaya,7/2/2024
48,8985,Sales,melis.kilic,7/3/2024
49,37427,Finance,elif.sahin,7/2/2024
50,5381,HR,yusuf.genc,7/2/2024
51,2344,Finance,ayse.kaya,7/1/2024
52,18899,Operations,ferhat.koc,7/4/2024
53,32990,Operations,melis.kilic,7/4/2024
54,8267,Sales,okan.arar,7/6/2024
55,19626,Sales,ayse.kaya,7/4/2024
56,39985,Finance,ozge.kaya,7/3/2024
57,30936,Sales,buse.ozkan,7/5/2024
58,10577,Sales,zeynep.yilmaz,7/1/2024
59,16338,IT,ozge.kaya,7/6/2024
60,21990,Finance,melis.kilic,7/5/2024
61,6431,Finance,yusuf.genc,7/6/2024
62,6865,Finance,ferhat.koc,7/4/2024
63,19911,Finance,elif.sahin,7/3/2024
64,31150,Finance,fatma.bolat,7/5/2024
65,11302,Operations,zeynep.yilmaz,7/7/2024
66,10256,Finance,melis.kilic,7/7/2024
67,21723,HR,elif.sahin,7/7/2024
68,33118,Finance,melis.kilic,7/6/2024
69,9939,HR,buse.ozkan,7/5/2024
70,31663,HR,ferhat.koc,7/3/2024
71,5967,Finance,buse.ozkan,7/2/2024
72,38061,HR,buse.ozkan,7/4/2024
73,16500,Finance,ayse.kaya,7/5/2024
74,24669,IT,cem.kurt,7/4/2024
75,30250,Operations,ozge.kaya,7/3/2024
76,34245,HR,zeynep.yilmaz,7/2/2024
77,23213,Sales,emre.tuna,7/6/2024
78,37854,Finance,ozge.kaya,7/2/2024
79,29047,Sales,ozge.kaya,7/3/2024
80,38080,IT,elif.sahin,7/6/2024
81,33526,Operations,okan.arar,7/5/2024
82,13372,Operations,ozge.kaya,7/2/2024
83,30935,IT,ferhat.koc,7/5/2024
84,36723,HR,zeynep.yilmaz,7/6/2024
85,35134,HR,zeynep.yilmaz,7/3/2024
86,16685,HR,zeynep.yilmaz,7/4/2024
87,17764,Sales,cem.kurt,7/1/2024
88,7790,HR,zeynep.yilmaz,7/1/2024
89,24302,Operations,buse.ozkan,7/1/2024
90,32077,Sales,elif.sahin,7/7/2024
91,32074,Operations,emre.tuna,7/6/2024
92,16734,Sales,ozge.kaya,7/1/2024
93,36039,Operations,cem.kurt,7/1/2024
94,8888,Finance,emre.tuna,7/2/2024
95,16971,HR,ferhat.koc,7/7/2024
96,3743,Finance,ferhat.koc,7/7/2024
97,30632,Finance,murat.demir,7/4/2024
98,18438,Finance,cem.kurt,7/3/2024
99,23600,Operations,buse.ozkan,7/5/2024
100,28556,Sales,emre.tuna,7/7/2024
101,26929,Finance,melis.kilic,7/7/2024
102,30666,IT,ayse.kaya,7/6/2024
103,1007,Sales,serkan.ates,7/6/2024
104,29729,HR,fatma.bolat,7/1/2024
105,10382,Finance,yusuf.genc,7/5/2024
106,35419,Finance,murat.demir,7/2/2024
107,34028,IT,murat.demir,7/3/2024
108,24755,IT,ozge.kaya,7/2/2024
109,20303,Sales,emre.tuna,7/2/2024
110,29000,Operations,ozge.kaya,7/2/2024
111,12219,HR,zeynep.yilmaz,7/2/2024
112,28139,Finance,fatma.bolat,7/1/2024
113,16510,Operations,fatma.bolat,7/4/2024
114,2113,HR,ferhat.koc,7/2/2024
115,26859,HR,ayse.kaya,7/6/2024
116,17268,Sales,elif.sahin,7/7/2024
117,26280,HR,murat.demir,7/3/2024
118,8323,Operations,cem.kurt,7/1/2024
119,9312,Finance,elif.sahin,7/4/2024
120,5782,Operations,murat.demir,7/2/2024
121,7620,Finance,cem.kurt,7/4/2024
122,20189,HR,melis.kilic,7/7/2024
123,13826,HR,ozge.kaya,7/6/2024
124,2586,IT,fatma.bolat,7/1/2024
125,33910,Finance,zeynep.yilmaz,7/2/2024
126,34239,IT,ayse.kaya,7/3/2024
127,32325,IT,dilan.erdem,7/7/2024
128,28048,IT,dilan.erdem,7/2/2024
129,32682,Finance,yusuf.genc,7/3/2024
130,1311,Sales,elif.sahin,7/1/2024
131,27956,Operations,emre.tuna,7/5/2024
132,14085,Finance,ferhat.koc,7/6/2024
133,18407,Operations,dilan.erdem,7/1/2024
134,28825,IT,dilan.erdem,7/2/2024
135,27338,Sales,ayse.kaya,7/2/2024
136,19255,IT,yusuf.genc,7/2/2024
137,16310,Finance,dilan.erdem,7/3/2024
138,38582,Sales,ozge.kaya,7/3/2024
139,3179,Sales,dilan.erdem,7/4/2024
140,29042,IT,melis.kilic,7/6/2024
141,10907,Finance,ferhat.koc,7/1/2024
142,21124,Operations,ferhat.koc,7/6/2024
143,12988,Operations,zeynep.yilmaz,7/7/2024
144,18001,Finance,serkan.ates,7/1/2024
145,8070,Operations,elif.sahin,7/1/2024
146,8240,Finance,fatma.bolat,7/7/2024
147,7615,HR,buse.ozkan,7/1/2024
148,10430,Operations,ayse.kaya,7/3/2024
149,1185,Finance,cem.kurt,7/1/2024
150,34077,Sales,elif.sahin,7/5/2024
151,31724,Finance,zeynep.yilmaz,7/6/2024
152,3178,HR,fatma.bolat,7/3/2024
153,16124,Finance,cem.kurt,7/2/2024
154,30722,IT,dilan.erdem,7/1/2024
155,30191,Operations,murat.demir,7/5/2024
156,21993,HR,serkan.ates,7/6/2024
157,7557,Finance,zeynep.yilmaz,7/6/2024
158,5041,Operations,ayse.kaya,7/4/2024
159,30730,Finance,zeynep.yilmaz,7/7/2024
160,30516,Finance,ferhat.koc,7/3/2024
161,19177,Operations,emre.tuna,7/3/2024
162,19107,HR,yusuf.genc,7/1/2024
163,39481,Operations,ayse.kaya,7/5/2024
164,27465,Sales,elif.sahin,7/1/2024
165,22791,Finance,serkan.ates,7/6/2024
166,39607,Finance,ayse.kaya,7/1/2024
167,33768,Finance,okan.arar,7/1/2024
168,38805,HR,ozge.kaya,7/6/2024
169,11846,HR,buse.ozkan,7/7/2024
170,10469,Operations,serkan.ates,7/1/2024
171,7798,IT,serkan.ates,7/5/2024
172,31571,Sales,ayse.kaya,7/3/2024
173,5338,IT,okan.arar,7/4/2024
174,34199,Finance,ayse.kaya,7/5/2024
175,19138,Finance,ozge.kaya,7/4/2024
176,25969,Finance,buse.ozkan,7/6/2024
177,28608,IT,ozge.kaya,7/3/2024
178,28741,HR,cem.kurt,7/4/2024
179,23269,HR,ayse.kaya,7/1/2024
180,21080,Operations,dilan.erdem,7/4/2024
181,30281,HR,ozge.kaya,7/3/2024
182,5346,Finance,buse.ozkan,7/2/2024
183,5141,Finance,murat.demir,7/5/2024
184,32586,Finance,cem.kurt,7/6/2024
185,7465,Sales,okan.arar,7/7/2024
186,11075,Operations,ferhat.koc,7/2/2024
187,6217,Finance,okan.arar,7/7/2024
188,3488,Finance,emre.tuna,7/2/2024
189,14688,Operations,yusuf.genc,7/7/2024
190,992,Operations,zeynep.yilmaz,7/7/2024
191,32538,Operations,zeynep.yilmaz,7/1/2024
192,5909,Finance,zeynep.yilmaz,7/5/2024
193,22146,Sales,ozge.kaya,7/3/2024
194,6051,HR,dilan.erdem,7/2/2024
195,24457,HR,zeynep.yilmaz,7/2/2024
196,18905,Operations,ferhat.koc,7/6/2024
197,34739,HR,cem.kurt,7/3/2024
198,24412,Finance,dilan.erdem,7/5/2024
199,1879,Operations,emre.tuna,7/4/2024
200,2642,Operations,murat.demir,7/3/2024
201,17950,Operations,fatma.bolat,7/5/2024
202,20736,Operations,elif.sahin,7/5/2024
203,5753,Operations,fatma.bolat,7/5/2024
204,9467,IT,melis.kilic,7/1/2024
205,7086,Sales,melis.kilic,7/1/2024
206,20685,Finance,melis.kilic,7/5/2024
207,37999,HR,ozge.kaya,7/6/2024
208,10541,Sales,okan.arar,7/1/2024
209,1885,Operations,yusuf.genc,7/6/2024
210,27898,Operations,murat.demir,7/2/2024
211,20474,Finance,ferhat.koc,7/4/2024
212,19688,Operations,okan.arar,7/4/2024
213,33781,Sales,emre.tuna,7/4/2024
214,14897,IT,melis.kilic,7/3/2024
215,26469,Sales,okan.arar,7/1/2024
216,36736,Operations,ozge.kaya,7/3/2024
217,30362,Finance,melis.kilic,7/5/2024
218,37789,HR,elif.sahin,7/7/2024
219,27705,Operations,dilan.erdem,7/2/2024
220,39139,Sales,melis.kilic,7/2/2024
221,8677,Finance,ozge.kaya,7/3/2024
222,18344,Finance,cem.kurt,7/2/2024
223,35833,Sales,melis.kilic,7/3/2024
224,16639,HR,ozge.kaya,7/3/2024
225,32157,Operations,ferhat.koc,7/7/2024
226,9569,Finance,murat.demir,7/5/2024
227,32406,HR,ayse.kaya,7/7/2024
228,32199,Finance,zeynep.yilmaz,7/6/2024
229,10246,HR,ayse.kaya,7/7/2024
230,21241,Operations,dilan.erdem,7/5/2024
231,31942,Operations,murat.demir,7/3/2024
232,14706,HR,murat.demir,7/6/2024
233,2629,Sales,okan.arar,7/3/2024
234,16650,Sales,zeynep.yilmaz,7/5/2024
235,32254,Finance,murat.demir,7/3/2024
236,23889,Sales,ferhat.koc,7/5/2024
237,21411,HR,elif.sahin,7/3/2024
238,8001,Sales,ayse.kaya,7/4/2024
239,2162,HR,melis.kilic,7/3/2024
240,17991,Finance,fatma.bolat,7/1/2024
241,16338,Operations,murat.demir,7/2/2024
242,35382,HR,yusuf.genc,7/1/2024
243,36258,Sales,cem.kurt,7/3/2024
244,24469,HR,buse.ozkan,7/6/2024
245,39677,IT,okan.arar,7/7/2024
246,19821,IT,cem.kurt,7/2/2024
247,24507,Operations,dilan.erdem,7/7/2024
248,9481,Finance,dilan.erdem,7/6/2024
249,26892,HR,ayse.kaya,7/3/2024
250,34116,Operations,emre.tuna,7/1/2024
251,15966,IT,zeynep.yilmaz,7/1/2024
252,34537,IT,emre.tuna,7/7/2024
253,27442,Finance,dilan.erdem,7/6/2024
254,25347,Finance,cem.kurt,7/5/2024
255,3673,Operations,cem.kurt,7/2/2024
256,12395,Operations,serkan.ates,7/1/2024
257,5856,IT,okan.arar,7/3/2024
258,11472,Operations,melis.kilic,7/1/2024
259,29509,HR,ozge.kaya,7/6/2024
260,14996,IT,murat.demir,7/5/2024
261,3796,HR,okan.arar,7/1/2024
262,5261,HR,ferhat.koc,7/2/2024
263,4362,Sales,buse.ozkan,7/4/2024
264,6502,Finance,ozge.kaya,7/6/2024
265,9482,Sales,murat.demir,7/7/2024
266,31754,Operations,ayse.kaya,7/5/2024
267,2339,Operations,zeynep.yilmaz,7/6/2024
268,3859,IT,elif.sahin,7/5/2024
269,3691,Operations,dilan.erdem,7/4/2024
270,7164,Operations,serkan.ates,7/3/2024
271,29261,HR,ayse.kaya,7/3/2024
272,12859,Sales,cem.kurt,7/6/2024
273,20454,Sales,fatma.bolat,7/4/2024
274,30149,Operations,fatma.bolat,7/1/2024
275,32871,Operations,okan.arar,7/7/2024
276,7128,IT,elif.sahin,7/7/2024
277,18160,HR,emre.tuna,7/3/2024
278,8596,Finance,zeynep.yilmaz,7/4/2024
279,33096,Operations,murat.demir,7/7/2024
280,25635,Sales,murat.demir,7/3/2024
281,2719,HR,ayse.kaya,7/2/2024
282,12989,HR,murat.demir,7/6/2024
283,26983,HR,okan.arar,7/7/2024
284,38450,Operations,elif.sahin,7/4/2024
285,20267,Finance,yusuf.genc,7/4/2024
286,28215,Operations,emre.tuna,7/5/2024
287,34373,Sales,emre.tuna,7/7/2024
288,9222,IT,fatma.bolat,7/4/2024
289,19967,IT,ozge.kaya,7/6/2024
290,26841,HR,cem.kurt,7/7/2024
291,33217,Operations,murat.demir,7/6/2024
292,16669,Sales,okan.arar,7/7/2024
293,12839,Operations,fatma.bolat,7/3/2024
294,12636,HR,yusuf.genc,7/1/2024
295,24872,HR,melis.kilic,7/1/2024
296,5820,Operations,serkan.ates,7/7/2024
297,15281,HR,melis.kilic,7/5/2024
298,7043,Sales,dilan.erdem,7/6/2024
299,20257,Finance,fatma.bolat,7/7/2024
300,38274,IT,ozge.kaya,7/7/2024
301,17857,Finance,serkan.ates,7/2/2024
302,17257,IT,serkan.ates,7/1/2024
303,2290,Finance,elif.sahin,7/7/2024
304,8143,Finance,ferhat.koc,7/4/2024
305,15507,Finance,cem.kurt,7/7/2024
306,19716,HR,yusuf.genc,7/6/2024
307,19635,HR,cem.kurt,7/3/2024
308,31816,Sales,yusuf.genc,7/4/2024
309,18808,Operations,ferhat.koc,7/6/2024
310,21802,HR,ferhat.koc,7/4/2024
311,11416,Operations,ferhat.koc,7/4/2024
312,25383,Sales,serkan.ates,7/7/2024
313,2805,HR,melis.kilic,7/3/2024
314,29636,HR,okan.arar,7/2/2024
315,8817,Finance,yusuf.genc,7/4/2024
316,19626,IT,fatma.bolat,7/1/2024
317,2207,Finance,okan.arar,7/6/2024
318,25812,Sales,dilan.erdem,7/2/2024
319,669,Finance,cem.kurt,7/1/2024
320,27542,Finance,murat.demir,7/1/2024
321,24645,Finance,serkan.ates,7/3/2024
322,39170,Operations,buse.ozkan,7/1/2024
323,39445,Operations,melis.kilic,7/1/2024
324,10621,Sales,ozge.kaya,7/2/2024
325,22499,Operations,fatma.bolat,7/7/2024
326,14958,Sales,ozge.kaya,7/1/2024
327,32910,HR,ferhat.koc,7/7/2024
328,28666,IT,yusuf.genc,7/4/2024
329,17531,IT,melis.kilic,7/4/2024
330,20502,Finance,cem.kurt,7/5/2024
331,17651,HR,okan.arar,7/5/2024
332,12562,Sales,fatma.bolat,7/7/2024
333,6526,IT,murat.demir,7/5/2024
334,3148,Operations,murat.demir,7/7/2024
335,6346,IT,dilan.erdem,7/3/2024
336,32212,HR,cem.kurt,7/3/2024
337,7455,IT,melis.kilic,7/3/2024
338,3984,HR,murat.demir,7/2/2024
339,23413,Sales,melis.kilic,7/4/2024
340,6678,Operations,murat.demir,7/2/2024
341,27434,Sales,zeynep.yilmaz,7/4/2024
342,17674,Finance,ayse.kaya,7/7/2024
343,33913,Finance,melis.kilic,7/3/2024
344,5079,Operations,buse.ozkan,7/6/2024
345,18152,Sales,ferhat.koc,7/2/2024
346,27405,Operations,buse.ozkan,7/2/2024
347,32681,HR,buse.ozkan,7/6/2024
348,34469,Sales,fatma.bolat,7/5/2024
349,22843,IT,ferhat.koc,7/7/2024
350,35789,Sales,serkan.ates,7/4/2024
351,18426,IT,ayse.kaya,7/4/2024
352,5043,Operations,elif.sahin,7/6/2024
353,5860,Finance,serkan.ates,7/2/2024
354,12450,IT,emre.tuna,7/5/2024
355,24470,IT,fatma.bolat,7/1/2024
356,8049,Sales,yusuf.genc,7/1/2024
357,28868,HR,serkan.ates,7/5/2024
358,38839,Finance,serkan.ates,7/1/2024
359,33402,Finance,melis.kilic,7/7/2024
360,8539,Finance,serkan.ates,7/2/2024
361,10422,Sales,murat.demir,7/4/2024
362,1148,Operations,elif.sahin,7/3/2024
363,39400,Sales,yusuf.genc,7/6/2024
364,32530,Sales,okan.arar,7/5/2024
365,22298,IT,ozge.kaya,7/6/2024
366,24377,Operations,fatma.bolat,7/4/2024
367,14380,Operations,fatma.bolat,7/5/2024
368,33352,Sales,yusuf.genc,7/7/2024
369,32312,HR,ozge.kaya,7/7/2024
370,13077,HR,yusuf.genc,7/4/2024
371,26115,Operations,ferhat.koc,7/7/2024
372,36577,IT,yusuf.genc,7/1/2024
373,32258,HR,ferhat.koc,7/2/2024
374,27112,Sales,cem.kurt,7/5/2024
375,18380,Operations,elif.sahin,7/2/2024
376,27843,HR,melis.kilic,7/4/2024
377,27283,IT,serkan.ates,7/1/2024
378,3528,Operations,serkan.ates,7/5/2024
379,34039,Finance,ayse.kaya,7/4/2024
380,30705,HR,dilan.erdem,7/3/2024
381,18249,Operations,yusuf.genc,7/6/2024
382,15172,Finance,okan.arar,7/3/2024
383,637,HR,melis.kilic,7/7/2024
384,19617,HR,melis.kilic,7/3/2024
385,5721,Operations,murat.demir,7/5/2024
386,35769,Operations,ozge.kaya,7/6/2024
387,26052,Operations,dilan.erdem,7/2/2024
388,12835,HR,ozge.kaya,7/5/2024
389,8102,Operations,murat.demir,7/1/2024
390,6987,Finance,melis.kilic,7/2/2024
391,23198,Operations,dilan.erdem,7/5/2024
392,26257,HR,ferhat.koc,7/3/2024
393,23437,Sales,okan.arar,7/7/2024
394,38474,Operations,ozge.kaya,7/2/2024
395,39270,Sales,ozge.kaya,7/7/2024
396,31727,Sales,yusuf.genc,7/7/2024
397,19592,Finance,cem.kurt,7/1/2024
398,34481,Operations,murat.demir,7/4/2024
399,12480,Operations,buse.ozkan,7/7/2024
400,11672,Sales,fatma.bolat,7/7/2024
401,32794,Sales,cem.kurt,7/1/2024
402,17821,Sales,ozge.kaya,7/4/2024
403,1775,Finance,okan.arar,7/6/2024
404,8811,HR,dilan.erdem,7/7/2024
405,2025,HR,elif.sahin,7/1/2024
406,7651,Finance,serkan.ates,7/1/2024
407,10868,IT,murat.demir,7/4/2024
408,31766,Sales,fatma.bolat,7/5/2024
409,23483,IT,dilan.erdem,7/3/2024
410,5792,Finance,yusuf.genc,7/7/2024
411,5310,Finance,cem.kurt,7/5/2024
412,30971,Finance,cem.kurt,7/1/2024
413,3383,IT,fatma.bolat,7/1/2024
414,6716,Sales,yusuf.genc,7/3/2024
415,1735,HR,ayse.kaya,7/4/2024
416,12839,Finance,serkan.ates,7/5/2024
417,13941,Sales,serkan.ates,7/6/2024
418,24058,HR,okan.arar,7/5/2024
419,19875,IT,ozge.kaya,7/7/2024
420,21357,Sales,ferhat.koc,7/1/2024
421,9165,Operations,fatma.bolat,7/3/2024
422,27192,IT,fatma.bolat,7/5/2024
423,23172,Sales,dilan.erdem,7/4/2024
424,20565,Finance,ozge.kaya,7/7/2024
425,21106,IT,elif.sahin,7/7/2024
426,23919,IT,buse.ozkan,7/5/2024
427,24497,Operations,buse.ozkan,7/5/2024
428,17096,IT,ozge.kaya,7/7/2024
429,17269,Finance,serkan.ates,7/2/2024
430,2173,Finance,ayse.kaya,7/4/2024
431,5090,IT,buse.ozkan,7/4/2024
432,2242,Finance,murat.demir,7/4/2024
433,3315,Sales,murat.demir,7/6/2024
434,18402,Finance,fatma.bolat,7/6/2024
435,15575,HR,cem.kurt,7/4/2024
436,2307,Operations,okan.arar,7/6/2024
437,15174,Finance,ferhat.koc,7/5/2024
438,20027,HR,yusuf.genc,7/6/2024
439,9290,HR,ozge.kaya,7/7/2024
440,4300,Finance,serkan.ates,7/1/2024
441,24171,Finance,elif.sahin,7/5/2024
442,2086,IT,cem.kurt,7/4/2024
443,26070,Operations,ozge.kaya,7/1/2024
444,5227,Sales,ozge.kaya,7/5/2024
445,6930,HR,zeynep.yilmaz,7/7/2024
446,9663,HR,yusuf.genc,7/2/2024
447,34994,Sales,serkan.ates,7/2/2024
448,34668,Sales,serkan.ates,7/7/2024
449,28986,HR,yusuf.genc,7/3/2024
450,18334,IT,melis.kilic,7/2/2024
451,2494,Sales,zeynep.yilmaz,7/4/2024
452,24841,Sales,ayse.kaya,7/1/2024
453,3016,Sales,melis.kilic,7/7/2024
454,27837,Finance,yusuf.genc,7/2/2024
455,4116,HR,okan.arar,7/1/2024
456,16149,Operations,ozge.kaya,7/1/2024
457,7320,Sales,emre.tuna,7/7/2024
458,36188,IT,zeynep.yilmaz,7/1/2024
459,3285,Operations,zeynep.yilmaz,7/3/2024
460,35218,IT,yusuf.genc,7/4/2024
461,32460,Sales,murat.demir,7/3/2024
462,13173,Finance,emre.tuna,7/5/2024
463,28066,HR,ayse.kaya,7/5/2024
464,5021,Finance,serkan.ates,7/3/2024
465,18706,Finance,ozge.kaya,7/7/2024
466,26638,Finance,ozge.kaya,7/4/2024
467,15303,HR,okan.arar,7/1/2024
468,15770,Sales,elif.sahin,7/3/2024
469,19084,HR,melis.kilic,7/6/2024
470,4548,Operations,serkan.ates,7/5/2024
471,28407,HR,cem.kurt,7/7/2024
472,13189,HR,ozge.kaya,7/1/2024
473,19731,IT,serkan.ates,7/6/2024
474,35520,HR,ayse.kaya,7/1/2024
475,14395,Sales,murat.demir,7/7/2024
476,26308,IT,fatma.bolat,7/3/2024
477,23955,Operations,cem.kurt,7/6/2024
478,5252,Operations,ayse.kaya,7/1/2024
479,25479,Operations,elif.sahin,7/5/2024
480,8164,HR,serkan.ates,7/3/2024
481,13215,Finance,buse.ozkan,7/5/2024
482,24517,IT,cem.kurt,7/5/2024
483,7254,HR,okan.arar,7/1/2024
484,29585,Operations,ozge.kaya,7/3/2024
485,32570,Operations,dilan.erdem,7/6/2024
486,2241,Sales,elif.sahin,7/2/2024
487,27857,HR,yusuf.genc,7/2/2024
488,27218,Finance,okan.arar,7/7/2024
489,38645,Sales,serkan.ates,7/4/2024
490,32766,Sales,fatma.bolat,7/6/2024
491,3302,HR,zeynep.yilmaz,7/7/2024
492,6883,IT,yusuf.genc,7/4/2024
493,31424,Operations,yusuf.genc,7/6/2024
494,29723,IT,melis.kilic,7/3/2024
495,39770,IT,yusuf.genc,7/4/2024
496,3928,Sales,zeynep.yilmaz,7/7/2024
497,7957,Operations,cem.kurt,7/6/2024
498,21977,HR,murat.demir,7/7/2024
499,38019,IT,yusuf.genc,7/4/2024
500,1063,Operations,melis.kilic,7/3/2024
501,19295,HR,fatma.bolat,7/1/2024
502,20005,Operations,melis.kilic,7/5/2024
503,16856,Finance,cem.kurt,7/5/2024
504,39194,Sales,dilan.erdem,7/2/2024
505,34855,IT,ayse.kaya,7/1/2024
506,32395,HR,emre.tuna,7/1/2024
507,7570,Sales,zeynep.yilmaz,7/1/2024
508,3750,Operations,yusuf.genc,7/5/2024
509,32347,HR,zeynep.yilmaz,7/3/2024
510,12587,HR,emre.tuna,7/7/2024
511,7720,Sales,fatma.bolat,7/6/2024
512,34291,Finance,ayse.kaya,7/2/2024
513,25895,HR,okan.arar,7/7/2024
514,9802,Sales,cem.kurt,7/7/2024
515,788,Sales,buse.ozkan,7/2/2024
516,1499,Sales,okan.arar,7/2/2024
517,25187,Finance,ayse.kaya,7/1/2024
518,22704,Sales,elif.sahin,7/6/2024
519,17508,IT,emre.tuna,7/3/2024
520,32482,Operations,ayse.kaya,7/6/2024
521,37857,Operations,melis.kilic,7/4/2024
522,2797,Sales,ozge.kaya,7/2/2024
523,5393,Operations,fatma.bolat,7/1/2024
524,3455,IT,emre.tuna,7/6/2024
525,33040,IT,serkan.ates,7/7/2024
526,6081,Finance,melis.kilic,7/2/2024
527,1973,IT,ferhat.koc,7/6/2024
528,14019,Operations,murat.demir,7/6/2024
529,3462,Finance,melis.kilic,7/3/2024
530,8705,Finance,ozge.kaya,7/3/2024
531,20964,IT,buse.ozkan,7/4/2024
532,6284,HR,melis.kilic,7/2/2024
533,32849,Operations,yusuf.genc,7/6/2024
534,6791,Operations,zeynep.yilmaz,7/6/2024
535,37026,Finance,fatma.bolat,7/7/2024
536,10304,IT,fatma.bolat,7/4/2024
537,6009,Operations,ferhat.koc,7/7/2024
538,23032,Finance,buse.ozkan,7/6/2024
539,2334,HR,serkan.ates,7/4/2024
540,11240,Finance,okan.arar,7/5/2024
541,35187,Finance,ferhat.koc,7/3/2024
542,12569,IT,melis.kilic,7/3/2024
543,15030,Finance,fatma.bolat,7/6/2024
544,679,Sales,dilan.erdem,7/1/2024
545,18613,Finance,ferhat.koc,7/2/2024
546,25110,Operations,melis.kilic,7/3/2024
547,35510,HR,okan.arar,7/7/2024
548,12894,HR,melis.kilic,7/7/2024
549,3197,HR,buse.ozkan,7/4/2024
550,17845,Operations,ozge.kaya,7/7/2024
551,10005,Sales,elif.sahin,7/1/2024
552,15022,Operations,okan.arar,7/7/2024
553,28013,Operations,serkan.ates,7/7/2024
554,2830,Operations,ozge.kaya,7/6/2024
555,14289,IT,okan.arar,7/4/2024
556,28630,IT,fatma.bolat,7/7/2024
557,38139,HR,dilan.erdem,7/4/2024
558,10834,Operations,serkan.ates,7/1/2024
559,13806,Operations,okan.arar,7/6/2024
560,1877,Operations,dilan.erdem,7/1/2024
561,6574,Sales,yusuf.genc,7/2/2024
562,14406,HR,okan.arar,7/2/2024
563,2619,Finance,dilan.erdem,7/3/2024
564,9054,Finance,elif.sahin,7/2/2024
565,4411,Operations,murat.demir,7/3/2024
566,23107,IT,serkan.ates,7/6/2024
567,6449,Sales,melis.kilic,7/1/2024
568,10068,IT,fatma.bolat,7/7/2024
569,6024,Finance,ferhat.koc,7/3/2024
570,1759,Operations,ozge.kaya,7/5/2024
571,9039,Sales,dilan.erdem,7/1/2024
572,29056,HR,murat.demir,7/3/2024
573,7445,Finance,serkan.ates,7/6/2024
574,9388,Sales,okan.arar,7/1/2024
575,15985,Finance,murat.demir,7/4/2024
576,9139,Sales,cem.kurt,7/6/2024
577,34579,HR,murat.demir,7/4/2024
578,1200,Finance,buse.ozkan,7/7/2024
579,20898,Sales,elif.sahin,7/3/2024
580,31945,IT,murat.demir,7/1/2024
581,16564,IT,melis.kilic,7/4/2024
582,19231,Finance,ozge.kaya,7/2/2024
583,32360,Operations,melis.kilic,7/5/2024
584,27120,Finance,zeynep.yilmaz,7/2/2024
585,9638,Sales,dilan.erdem,7/1/2024
586,39914,Operations,okan.arar,7/3/2024
587,31353,Operations,cem.kurt,7/6/2024
588,9833,Finance,fatma.bolat,7/1/2024
589,32904,HR,fatma.bolat,7/4/2024
590,25454,Finance,murat.demir,7/4/2024
591,757,HR,yusuf.genc,7/1/2024
592,16079,IT,fatma.bolat,7/4/2024
593,6497,IT,ferhat.koc,7/3/2024
594,20688,HR,elif.sahin,7/2/2024
595,3070,IT,zeynep.yilmaz,7/2/2024
596,21431,Sales,dilan.erdem,7/6/2024
597,6879,Sales,buse.ozkan,7/1/2024
598,29489,HR,okan.arar,7/1/2024
599,36088,Finance,zeynep.yilmaz,7/2/2024
600,21096,Finance,elif.sahin,7/7/2024
601,17696,Finance,cem.kurt,7/2/2024
602,33577,Sales,zeynep.yilmaz,7/4/2024
603,21063,IT,ferhat.koc,7/4/2024
604,11690,Finance,emre.tuna,7/6/2024
605,9556,Finance,fatma.bolat,7/4/2024
606,10150,Operations,elif.sahin,7/5/2024
607,32343,Sales,emre.tuna,7/6/2024
608,2135,Finance,okan.arar,7/4/2024
609,23440,HR,cem.kurt,7/3/2024
610,18740,IT,emre.tuna,7/2/2024
611,30385,Operations,zeynep.yilmaz,7/5/2024
612,24647,Finance,murat.demir,7/2/2024
613,36263,Finance,melis.kilic,7/6/2024
614,8905,Sales,elif.sahin,7/3/2024
615,6291,IT,ayse.kaya,7/2/2024
616,2508,HR,fatma.bolat,7/5/2024
617,25043,Finance,melis.kilic,7/2/2024
618,15772,Sales,elif.sahin,7/6/2024
619,12954,IT,cem.kurt,7/5/2024
620,25419,Operations,okan.arar,7/4/2024
621,31293,Sales,zeynep.yilmaz,7/3/2024
622,20794,Finance,buse.ozkan,7/3/2024
623,33843,Sales,fatma.bolat,7/7/2024
624,19597,Finance,cem.kurt,7/4/2024
625,19769,Finance,emre.tuna,7/4/2024
626,39489,Operations,buse.ozkan,7/7/2024
627,4250,Sales,ferhat.koc,7/7/2024
628,31387,HR,okan.arar,7/1/2024
629,26613,IT,dilan.erdem,7/7/2024
630,26930,HR,serkan.ates,7/7/2024
631,38269,IT,ozge.kaya,7/3/2024
632,13722,Operations,cem.kurt,7/1/2024
633,25169,HR,zeynep.yilmaz,7/6/2024
634,33165,Operations,okan.arar,7/6/2024
635,2481,HR,fatma.bolat,7/6/2024
636,8790,Operations,zeynep.yilmaz,7/5/2024
637,11751,Operations,fatma.bolat,7/4/2024
638,15007,Operations,okan.arar,7/1/2024
639,24065,Operations,emre.tuna,7/1/2024
640,31318,IT,murat.demir,7/5/2024
641,16831,Operations,dilan.erdem,7/5/2024
642,3215,Sales,serkan.ates,7/3/2024
643,34858,HR,okan.arar,7/1/2024
644,37059,Finance,zeynep.yilmaz,7/6/2024
645,5092,IT,dilan.erdem,7/3/2024
646,22151,IT,cem.kurt,7/4/2024
647,31729,Operations,ferhat.koc,7/1/2024
648,35507,Sales,serkan.ates,7/4/2024
649,34021,HR,zeynep.yilmaz,7/6/2024
650,16035,HR,okan.arar,7/5/2024
651,39308,HR,emre.tuna,7/6/2024
652,7623,Finance,melis.kilic,7/1/2024
653,26647,HR,serkan.ates,7/5/2024
654,34341,HR,ayse.kaya,7/7/2024
655,5493,Sales,murat.demir,7/5/2024
656,15012,HR,emre.tuna,7/4/2024
657,16537,Sales,melis.kilic,7/1/2024
658,38034,HR,ozge.kaya,7/6/2024
659,22011,HR,emre.tuna,7/2/2024
660,33971,Sales,fatma.bolat,7/3/2024
661,2112,Finance,fatma.bolat,7/7/2024
662,25253,Finance,yusuf.genc,7/1/2024
663,30063,Sales,okan.arar,7/2/2024
664,24862,HR,ozge.kaya,7/3/2024
665,12427,Sales,ozge.kaya,7/2/2024
666,28563,IT,melis.kilic,7/7/2024
667,2052,Finance,cem.kurt,7/5/2024
668,32357,HR,ozge.kaya,7/3/2024
669,32795,HR,emre.tuna,7/4/2024
670,23076,Sales,ayse.kaya,7/3/2024
671,22935,HR,buse.ozkan,7/7/2024
672,19208,IT,fatma.bolat,7/4/2024
673,14143,IT,fatma.bolat,7/6/2024
674,35983,Operations,fatma.bolat,7/4/2024
675,8118,HR,yusuf.genc,7/6/2024
676,30070,Sales,fatma.bolat,7/2/2024
677,3621,Finance,okan.arar,7/2/2024
678,35785,IT,fatma.bolat,7/7/2024
679,39243,IT,fatma.bolat,7/2/2024
680,37281,IT,fatma.bolat,7/4/2024
681,39302,Finance,melis.kilic,7/5/2024
682,34864,Finance,murat.demir,7/7/2024
683,8777,Operations,cem.kurt,7/2/2024
684,31789,HR,ozge.kaya,7/7/2024
685,10882,HR,emre.tuna,7/1/2024
686,18795,Operations,cem.kurt,7/4/2024
687,2274,Operations,dilan.erdem,7/2/2024
688,31311,IT,ozge.kaya,7/3/2024
689,12683,IT,serkan.ates,7/1/2024
690,5231,Finance,ozge.kaya,7/7/2024
691,3414,Operations,okan.arar,7/7/2024
692,4406,Operations,okan.arar,7/3/2024
693,19010,Sales,murat.demir,7/2/2024
694,23418,HR,fatma.bolat,7/3/2024
695,28370,HR,ozge.kaya,7/3/2024
696,33321,HR,ayse.kaya,7/7/2024
697,6831,Operations,murat.demir,7/5/2024
698,26401,Sales,serkan.ates,7/6/2024
699,24270,Sales,ozge.kaya,7/2/2024
700,27664,HR,ferhat.koc,7/7/2024
701,27561,Finance,elif.sahin,7/2/2024
702,32240,Finance,buse.ozkan,7/2/2024
703,4779,HR,ferhat.koc,7/5/2024
704,38438,HR,dilan.erdem,7/6/2024
705,32443,IT,murat.demir,7/6/2024
706,8868,IT,murat.demir,7/3/2024
707,27843,HR,emre.tuna,7/6/2024
708,16782,Finance,emre.tuna,7/5/2024
709,7997,IT,buse.ozkan,7/5/2024
710,13373,Sales,zeynep.yilmaz,7/3/2024
711,21342,Finance,emre.tuna,7/3/2024
712,10832,HR,elif.sahin,7/6/2024
713,26895,Finance,elif.sahin,7/6/2024
714,18786,IT,emre.tuna,7/2/2024
715,32377,IT,serkan.ates,7/5/2024
716,32057,Operations,murat.demir,7/1/2024
717,10443,IT,fatma.bolat,7/6/2024
718,8472,Operations,buse.ozkan,7/1/2024
719,21944,Operations,okan.arar,7/7/2024
720,31780,IT,dilan.erdem,7/2/2024
721,33730,IT,murat.demir,7/6/2024
722,17477,Operations,emre.tuna,7/6/2024
723,24329,Finance,emre.tuna,7/1/2024
724,739,Sales,dilan.erdem,7/4/2024
725,8680,Sales,serkan.ates,7/2/2024
726,14993,Finance,dilan.erdem,7/3/2024
727,10485,Finance,yusuf.genc,7/7/2024
728,33722,Sales,dilan.erdem,7/3/2024
729,23046,Operations,dilan.erdem,7/7/2024
730,39553,Sales,emre.tuna,7/6/2024
731,7564,IT,cem.kurt,7/6/2024
732,8184,Finance,zeynep.yilmaz,7/1/2024
733,13450,Sales,cem.kurt,7/5/2024
734,30774,Sales,ozge.kaya,7/5/2024
735,27880,IT,ferhat.koc,7/7/2024
736,12607,Sales,yusuf.genc,7/7/2024
737,35788,IT,murat.demir,7/6/2024
738,34057,IT,elif.sahin,7/6/2024
739,14296,Sales,buse.ozkan,7/4/2024
740,25132,Finance,ferhat.koc,7/1/2024
741,39794,HR,fatma.bolat,7/4/2024
742,27606,Operations,emre.tuna,7/5/2024
743,8371,Finance,buse.ozkan,7/3/2024
744,39080,Sales,dilan.erdem,7/4/2024
745,33622,Operations,ayse.kaya,7/3/2024
746,23366,HR,ayse.kaya,7/7/2024
747,38111,Sales,ayse.kaya,7/5/2024
748,27405,Operations,zeynep.yilmaz,7/5/2024
749,39890,Sales,elif.sahin,7/6/2024
750,17292,Sales,elif.sahin,7/7/2024
751,32381,HR,melis.kilic,7/7/2024
752,30655,Finance,serkan.ates,7/4/2024
753,8975,Finance,ayse.kaya,7/6/2024
754,34388,IT,melis.kilic,7/1/2024
755,24807,IT,ferhat.koc,7/5/2024
756,10873,IT,melis.kilic,7/5/2024
757,21021,IT,dilan.erdem,7/2/2024
758,12941,Finance,okan.arar,7/7/2024
759,28418,Operations,buse.ozkan,7/2/2024
760,21210,Operations,buse.ozkan,7/6/2024
761,5603,Finance,serkan.ates,7/1/2024
762,37164,Finance,emre.tuna,7/6/2024
763,35426,Operations,dilan.erdem,7/7/2024
764,36339,Sales,murat.demir,7/1/2024
765,22957,Finance,buse.ozkan,7/2/2024
766,34634,IT,melis.kilic,7/2/2024
767,36278,Finance,buse.ozkan,7/4/2024
768,32998,Sales,elif.sahin,7/7/2024
769,36955,Finance,melis.kilic,7/7/2024
770,21137,Sales,serkan.ates,7/7/2024
771,31542,HR,serkan.ates,7/4/2024
772,2128,IT,ayse.kaya,7/3/2024
773,27275,Operations,ozge.kaya,7/2/2024
774,29577,IT,dilan.erdem,7/7/2024
775,23354,HR,murat.demir,7/3/2024
776,11759,Operations,ferhat.koc,7/6/2024
777,36974,HR,murat.demir,7/5/2024
778,27692,Sales,emre.tuna,7/5/2024
779,6615,Sales,okan.arar,7/7/2024
780,17190,Finance,elif.sahin,7/7/2024
781,29059,IT,ayse.kaya,7/2/2024
782,32353,Operations,buse.ozkan,7/1/2024
783,32431,Operations,emre.tuna,7/5/2024
784,20312,HR,fatma.bolat,7/5/2024
785,27510,Sales,ayse.kaya,7/1/2024
786,37862,HR,okan.arar,7/4/2024
787,2298,Operations,melis.kilic,7/1/2024
788,34222,IT,yusuf.genc,7/3/2024
789,27347,Sales,murat.demir,7/6/2024
790,37260,Operations,murat.demir,7/3/2024
791,16040,Operations,ayse.kaya,7/7/2024
792,18019,IT,serkan.ates,7/2/2024
793,25228,Operations,dilan.erdem,7/7/2024
794,3985,IT,buse.ozkan,7/1/2024
795,18116,Operations,ozge.kaya,7/6/2024
796,31645,HR,melis.kilic,7/2/2024
797,5437,Operations,zeynep.yilmaz,7/7/2024
798,19044,HR,ferhat.koc,7/2/2024
799,15382,Sales,melis.kilic,7/5/2024
800,20233,HR,melis.kilic,7/2/2024
801,21398,HR,ferhat.koc,7/6/2024
802,34853,IT,ayse.kaya,7/2/2024
803,16968,HR,zeynep.yilmaz,7/3/2024
804,34196,Operations,melis.kilic,7/4/2024
805,25498,Finance,yusuf.genc,7/3/2024
806,17845,HR,ozge.kaya,7/7/2024
807,39238,Sales,ozge.kaya,7/4/2024
808,1289,Operations,elif.sahin,7/7/2024
809,12878,Finance,buse.ozkan,7/6/2024
810,25251,Sales,ferhat.koc,7/2/2024
811,15691,IT,ayse.kaya,7/2/2024
812,30458,Operations,elif.sahin,7/7/2024
813,38230,IT,dilan.erdem,7/5/2024
814,12797,Operations,zeynep.yilmaz,7/2/2024
815,34447,IT,ayse.kaya,7/2/2024
816,28944,IT,ozge.kaya,7/4/2024
817,36256,HR,okan.arar,7/2/2024
818,12242,Operations,murat.demir,7/1/2024
819,16950,Sales,ozge.kaya,7/6/2024
820,19928,Sales,dilan.erdem,7/5/2024
821,1341,Finance,ayse.kaya,7/1/2024
822,35402,Operations,murat.demir,7/6/2024
823,39941,Finance,emre.tuna,7/7/2024
824,2212,IT,cem.kurt,7/3/2024
825,5711,Operations,buse.ozkan,7/3/2024
826,4292,Operations,yusuf.genc,7/3/2024
827,39122,IT,elif.sahin,7/6/2024
828,20095,Finance,murat.demir,7/6/2024
829,11713,HR,ayse.kaya,7/3/2024
830,28164,IT,murat.demir,7/7/2024
831,15618,Finance,okan.arar,7/3/2024
832,18389,IT,emre.tuna,7/2/2024
833,18723,IT,zeynep.yilmaz,7/4/2024
834,18301,Sales,yusuf.genc,7/2/2024
835,16858,Sales,yusuf.genc,7/5/2024
836,15233,Finance,ayse.kaya,7/4/2024
837,9611,IT,fatma.bolat,7/1/2024
838,10457,Operations,serkan.ates,7/6/2024
839,32516,IT,cem.kurt,7/2/2024
840,23371,Sales,yusuf.genc,7/3/2024
841,39494,Finance,murat.demir,7/5/2024
842,38731,HR,emre.tuna,7/3/2024
843,12212,Sales,elif.sahin,7/1/2024
844,2395,Finance,yusuf.genc,7/3/2024
845,17167,Operations,okan.arar,7/6/2024
846,14558,Finance,emre.tuna,7/3/2024
847,6338,Sales,ozge.kaya,7/1/2024
848,10202,Finance,ozge.kaya,7/3/2024
849,3374,IT,serkan.ates,7/7/2024
850,38904,Sales,emre.tuna,7/7/2024
851,19144,HR,murat.demir,7/1/2024
852,26729,HR,melis.kilic,7/6/2024
853,12036,IT,serkan.ates,7/7/2024
854,21261,Finance,ayse.kaya,7/1/2024
855,3185,Operations,serkan.ates,7/2/2024
856,19291,IT,zeynep.yilmaz,7/6/2024
857,23472,IT,dilan.erdem,7/4/2024
858,18253,IT,serkan.ates,7/7/2024
859,34320,IT,dilan.erdem,7/4/2024
860,21763,IT,serkan.ates,7/6/2024
861,13780,IT,zeynep.yilmaz,7/7/2024
862,34032,Sales,serkan.ates,7/7/2024
863,7165,IT,cem.kurt,7/3/2024
864,35000,Sales,emre.tuna,7/6/2024
865,35182,IT,dilan.erdem,7/4/2024
866,10384,Operations,dilan.erdem,7/2/2024
867,22032,IT,zeynep.yilmaz,7/4/2024
868,37554,Sales,emre.tuna,7/2/2024
869,21868,Operations,yusuf.genc,7/1/2024
870,27532,Sales,yusuf.genc,7/4/2024
871,36476,HR,emre.tuna,7/7/2024
872,8981,Operations,emre.tuna,7/4/2024
873,21719,Sales,ferhat.koc,7/4/2024
874,14572,Operations,dilan.erdem,7/3/2024
875,37022,Sales,cem.kurt,7/1/2024
876,22053,HR,ozge.kaya,7/1/2024
877,1294,Operations,ozge.kaya,7/5/2024
878,13142,Operations,elif.sahin,7/7/2024
879,24519,HR,yusuf.genc,7/5/2024
880,31915,Operations,dilan.erdem,7/4/2024
881,16271,Sales,ozge.kaya,7/1/2024
882,37551,HR,zeynep.yilmaz,7/2/2024
883,33921,HR,cem.kurt,7/1/2024
884,22541,Sales,ozge.kaya,7/6/2024
885,1635,IT,ayse.kaya,7/6/2024
886,30525,IT,zeynep.yilmaz,7/7/2024
887,26928,HR,serkan.ates,7/5/2024
888,20905,Finance,yusuf.genc,7/4/2024
889,6971,IT,melis.kilic,7/7/2024
890,24578,Operations,fatma.bolat,7/6/2024
891,36894,HR,ayse.kaya,7/5/2024
892,5701,HR,okan.arar,7/6/2024
893,21836,Finance,emre.tuna,7/3/2024
894,34166,Sales,ferhat.koc,7/7/2024
895,23203,Sales,zeynep.yilmaz,7/6/2024
896,27544,IT,ozge.kaya,7/4/2024
897,27094,Sales,melis.kilic,7/5/2024
898,11357,Operations,buse.ozkan,7/5/2024
899,18980,IT,ayse.kaya,7/2/2024
900,26264,IT,serkan.ates,7/1/2024
901,6040,HR,ayse.kaya,7/5/2024
902,4953,Operations,dilan.erdem,7/1/2024
903,579,Sales,buse.ozkan,7/1/2024
904,37277,Sales,serkan.ates,7/4/2024
905,17719,HR,zeynep.yilmaz,7/1/2024
906,9246,IT,emre.tuna,7/6/2024
907,9259,Finance,melis.kilic,7/7/2024
908,12241,Operations,melis.kilic,7/7/2024
909,15616,Operations,yusuf.genc,7/7/2024
910,35567,HR,cem.kurt,7/2/2024
911,4554,HR,ayse.kaya,7/6/2024
912,20198,Finance,serkan.ates,7/4/2024
913,12489,Finance,yusuf.genc,7/6/2024
914,19831,Sales,ayse.kaya,7/4/2024
915,34966,IT,serkan.ates,7/4/2024
916,34652,IT,dilan.erdem,7/5/2024
917,39045,Sales,emre.tuna,7/6/2024
918,18489,HR,murat.demir,7/2/2024
919,29053,Operations,cem.kurt,7/6/2024
920,27745,Operations,melis.kilic,7/2/2024
921,12370,Finance,emre.tuna,7/6/2024
922,18033,HR,okan.arar,7/5/2024
923,24092,HR,elif.sahin,7/4/2024
924,28738,Operations,murat.demir,7/2/2024
925,26268,Operations,ayse.kaya,7/1/2024
926,22452,IT,yusuf.genc,7/6/2024
927,21433,HR,okan.arar,7/7/2024
928,35660,Operations,buse.ozkan,7/3/2024
929,11875,Finance,ayse.kaya,7/5/2024
930,36221,Finance,okan.arar,7/1/2024
931,5471,IT,emre.tuna,7/4/2024
932,28209,IT,ayse.kaya,7/4/2024
933,16783,Operations,fatma.bolat,7/5/2024
934,35199,HR,ferhat.koc,7/6/2024
935,10855,Sales,buse.ozkan,7/5/2024
936,37183,IT,serkan.ates,7/1/2024
937,38530,Finance,serkan.ates,7/6/2024
938,6684,IT,dilan.erdem,7/3/2024
939,5274,HR,dilan.erdem,7/1/2024
940,21452,HR,yusuf.genc,7/1/2024
941,7683,IT,yusuf.genc,7/4/2024
942,34301,HR,dilan.erdem,7/7/2024
943,11377,HR,fatma.bolat,7/1/2024
944,15014,HR,cem.kurt,7/4/2024
945,21049,Sales,yusuf.genc,7/7/2024
946,21564,IT,murat.demir,7/7/2024
947,32364,Finance,yusuf.genc,7/5/2024
948,26605,Finance,zeynep.yilmaz,7/6/2024
949,28420,HR,fatma.bolat,7/5/2024
950,9732,Sales,dilan.erdem,7/6/2024
951,38804,IT,zeynep.yilmaz,7/6/2024
952,14725,IT,ayse.kaya,7/4/2024
953,31992,Finance,yusuf.genc,7/3/2024
954,5762,HR,yusuf.genc,7/6/2024
955,35539,Sales,melis.kilic,7/6/2024
956,37432,HR,yusuf.genc,7/4/2024
957,38469,HR,melis.kilic,7/7/2024
958,1354,IT,murat.demir,7/3/2024
959,5310,Operations,dilan.erdem,7/5/2024
960,12763,Sales,elif.sahin,7/2/2024
961,37147,Operations,okan.arar,7/5/2024
962,2896,Sales,okan.arar,7/2/2024
963,39973,Operations,dilan.erdem,7/6/2024
964,11651,Finance,murat.demir,7/3/2024
965,9262,Operations,murat.demir,7/1/2024
966,14008,IT,murat.demir,7/1/2024
967,36108,IT,serkan.ates,7/7/2024
968,22438,Operations,murat.demir,7/5/2024
969,22014,IT,ayse.kaya,7/5/2024
970,21495,Operations,melis.kilic,7/2/2024
971,22972,Operations,ayse.kaya,7/5/2024
972,35154,HR,okan.arar,7/7/2024
973,37289,Operations,elif.sahin,7/3/2024
974,15260,HR,cem.kurt,7/2/2024
975,6750,Operations,murat.demir,7/6/2024
976,25359,Operations,yusuf.genc,7/1/2024
977,5607,Finance,yusuf.genc,7/1/2024
978,36295,HR,dilan.erdem,7/1/2024
979,12670,Finance,yusuf.genc,7/4/2024
980,33019,Operations,murat.demir,7/7/2024
981,35497,Finance,serkan.ates,7/4/2024
982,12105,IT,okan.arar,7/2/2024
983,29529,Finance,ferhat.koc,7/2/2024
984,36746,Finance,dilan.erdem,7/1/2024
985,17677,HR,okan.arar,7/6/2024
986,31254,IT,ferhat.koc,7/7/2024
987,33259,HR,ayse.kaya,7/6/2024
988,7425,IT,okan.arar,7/6/2024
989,30949,Sales,ferhat.koc,7/7/2024
990,19875,Sales,dilan.erdem,7/1/2024
991,37080,Finance,okan.arar,7/5/2024
992,13982,HR,ozge.kaya,7/5/2024
993,9837,IT,cem.kurt,7/5/2024
994,1104,Operations,yusuf.genc,7/7/2024
995,35602,IT,okan.arar,7/7/2024
996,11548,IT,buse.ozkan,7/6/2024
997,9977,Operations,cem.kurt,7/2/2024
998,22462,Finance,murat.demir,7/4/2024
999,12784,IT,melis.kilic,7/2/2024
1000,21035,Sales,murat.demir,7/5/2024
